{
  "timestamp": "2026-02-07 01:17:00",
  "test_samples": 10000,
  "checkpoints": [
    {
      "epoch": 100,
      "agglomerative": {
        "silhouette": 0.4359609299782018,
        "purity": 0.8054
      },
      "kmeans": {
        "silhouette": 0.5136786492208849,
        "purity": 0.9013
      }
    },
    {
      "epoch": 200,
      "agglomerative": {
        "silhouette": 0.4996093101536478,
        "purity": 0.8969
      },
      "kmeans": {
        "silhouette": 0.53194009360841,
        "purity": 0.9113
      }
    }
  ]
}